[
  {
    "type": "constructor",
    "inputs": [
      {
        "name": "_bettingCore",
        "type": "address",
        "internalType": "address"
      },
      {
        "name": "_lbtToken",
        "type": "address",
        "internalType": "address"
      },
      {
        "name": "_swapRouter",
        "type": "address",
        "internalType": "address"
      },
      {
        "name": "_initialOwner",
        "type": "address",
        "internalType": "address"
      }
    ],
    "stateMutability": "nonpayable"
  },
  {
    "type": "receive",
    "stateMutability": "payable"
  },
  {
    "type": "function",
    "name": "batchClaim",
    "inputs": [
      {
        "name": "betIds",
        "type": "uint256[]",
        "internalType": "uint256[]"
      }
    ],
    "outputs": [
      {
        "name": "totalPayout",
        "type": "uint256",
        "internalType": "uint256"
      }
    ],
    "stateMutability": "nonpayable"
  },
  {
    "type": "function",
    "name": "bettingCore",
    "inputs": [],
    "outputs": [
      {
        "name": "",
        "type": "address",
        "internalType": "contract BettingCore"
      }
    ],
    "stateMutability": "view"
  },
  {
    "type": "function",
    "name": "calculateExpectedPayout",
    "inputs": [
      {
        "name": "matchIndex",
        "type": "uint256",
        "internalType": "uint256"
      },
      {
        "name": "prediction",
        "type": "uint8",
        "internalType": "uint8"
      },
      {
        "name": "amount",
        "type": "uint256",
        "internalType": "uint256"
      }
    ],
    "outputs": [
      {
        "name": "expectedPayout",
        "type": "uint256",
        "internalType": "uint256"
      }
    ],
    "stateMutability": "view"
  },
  {
    "type": "function",
    "name": "calculateParlayMultiplier",
    "inputs": [
      {
        "name": "matchIndices",
        "type": "uint256[]",
        "internalType": "uint256[]"
      },
      {
        "name": "predictions",
        "type": "uint8[]",
        "internalType": "uint8[]"
      }
    ],
    "outputs": [
      {
        "name": "multiplier",
        "type": "uint256",
        "internalType": "uint256"
      }
    ],
    "stateMutability": "view"
  },
  {
    "type": "function",
    "name": "cancelBet",
    "inputs": [
      {
        "name": "betId",
        "type": "uint256",
        "internalType": "uint256"
      }
    ],
    "outputs": [],
    "stateMutability": "nonpayable"
  },
  {
    "type": "function",
    "name": "claimWinnings",
    "inputs": [
      {
        "name": "betId",
        "type": "uint256",
        "internalType": "uint256"
      },
      {
        "name": "minPayout",
        "type": "uint256",
        "internalType": "uint256"
      }
    ],
    "outputs": [
      {
        "name": "payout",
        "type": "uint256",
        "internalType": "uint256"
      }
    ],
    "stateMutability": "nonpayable"
  },
  {
    "type": "function",
    "name": "currentRoundId",
    "inputs": [],
    "outputs": [
      {
        "name": "",
        "type": "uint256",
        "internalType": "uint256"
      }
    ],
    "stateMutability": "view"
  },
  {
    "type": "function",
    "name": "defaultSlippageBps",
    "inputs": [],
    "outputs": [
      {
        "name": "",
        "type": "uint256",
        "internalType": "uint256"
      }
    ],
    "stateMutability": "view"
  },
  {
    "type": "function",
    "name": "emergencyWithdraw",
    "inputs": [
      {
        "name": "token",
        "type": "address",
        "internalType": "address"
      },
      {
        "name": "to",
        "type": "address",
        "internalType": "address"
      },
      {
        "name": "amount",
        "type": "uint256",
        "internalType": "uint256"
      }
    ],
    "outputs": [],
    "stateMutability": "nonpayable"
  },
  {
    "type": "function",
    "name": "emergencyWithdrawETH",
    "inputs": [
      {
        "name": "to",
        "type": "address",
        "internalType": "address payable"
      },
      {
        "name": "amount",
        "type": "uint256",
        "internalType": "uint256"
      }
    ],
    "outputs": [],
    "stateMutability": "nonpayable"
  },
  {
    "type": "function",
    "name": "getBet",
    "inputs": [
      {
        "name": "betId",
        "type": "uint256",
        "internalType": "uint256"
      }
    ],
    "outputs": [
      {
        "name": "bet",
        "type": "tuple",
        "internalType": "struct DataTypes.Bet",
        "components": [
          {
            "name": "bettor",
            "type": "address",
            "internalType": "address"
          },
          {
            "name": "token",
            "type": "address",
            "internalType": "address"
          },
          {
            "name": "amount",
            "type": "uint128",
            "internalType": "uint128"
          },
          {
            "name": "potentialPayout",
            "type": "uint128",
            "internalType": "uint128"
          },
          {
            "name": "lockedMultiplier",
            "type": "uint128",
            "internalType": "uint128"
          },
          {
            "name": "roundId",
            "type": "uint64",
            "internalType": "uint64"
          },
          {
            "name": "timestamp",
            "type": "uint32",
            "internalType": "uint32"
          },
          {
            "name": "legCount",
            "type": "uint8",
            "internalType": "uint8"
          },
          {
            "name": "status",
            "type": "uint8",
            "internalType": "enum DataTypes.BetStatus"
          }
        ]
      },
      {
        "name": "predictions",
        "type": "tuple",
        "internalType": "struct DataTypes.BetPredictions",
        "components": [
          {
            "name": "predictions",
            "type": "tuple[]",
            "internalType": "struct DataTypes.Prediction[]",
            "components": [
              {
                "name": "matchIndex",
                "type": "uint8",
                "internalType": "uint8"
              },
              {
                "name": "predictedOutcome",
                "type": "uint8",
                "internalType": "uint8"
              }
            ]
          }
        ]
      }
    ],
    "stateMutability": "view"
  },
  {
    "type": "function",
    "name": "getCurrentOdds",
    "inputs": [
      {
        "name": "matchIndex",
        "type": "uint256",
        "internalType": "uint256"
      },
      {
        "name": "prediction",
        "type": "uint8",
        "internalType": "uint8"
      }
    ],
    "outputs": [
      {
        "name": "odds",
        "type": "uint256",
        "internalType": "uint256"
      }
    ],
    "stateMutability": "view"
  },
  {
    "type": "function",
    "name": "getLBTToken",
    "inputs": [],
    "outputs": [
      {
        "name": "token",
        "type": "address",
        "internalType": "address"
      }
    ],
    "stateMutability": "view"
  },
  {
    "type": "function",
    "name": "isClaimable",
    "inputs": [
      {
        "name": "betId",
        "type": "uint256",
        "internalType": "uint256"
      }
    ],
    "outputs": [
      {
        "name": "claimable",
        "type": "bool",
        "internalType": "bool"
      }
    ],
    "stateMutability": "view"
  },
  {
    "type": "function",
    "name": "lbtToken",
    "inputs": [],
    "outputs": [
      {
        "name": "",
        "type": "address",
        "internalType": "contract IERC20"
      }
    ],
    "stateMutability": "view"
  },
  {
    "type": "function",
    "name": "owner",
    "inputs": [],
    "outputs": [
      {
        "name": "",
        "type": "address",
        "internalType": "address"
      }
    ],
    "stateMutability": "view"
  },
  {
    "type": "function",
    "name": "placeBatchBets",
    "inputs": [
      {
        "name": "bets",
        "type": "tuple[]",
        "internalType": "struct BettingRouter.BetParams[]",
        "components": [
          {
            "name": "matchIndex",
            "type": "uint256",
            "internalType": "uint256"
          },
          {
            "name": "prediction",
            "type": "uint8",
            "internalType": "uint8"
          },
          {
            "name": "amount",
            "type": "uint256",
            "internalType": "uint256"
          },
          {
            "name": "minOdds",
            "type": "uint256",
            "internalType": "uint256"
          }
        ]
      },
      {
        "name": "deadline",
        "type": "uint256",
        "internalType": "uint256"
      }
    ],
    "outputs": [
      {
        "name": "betIds",
        "type": "uint256[]",
        "internalType": "uint256[]"
      }
    ],
    "stateMutability": "nonpayable"
  },
  {
    "type": "function",
    "name": "placeBet",
    "inputs": [
      {
        "name": "params",
        "type": "tuple",
        "internalType": "struct BettingRouter.BetParams",
        "components": [
          {
            "name": "matchIndex",
            "type": "uint256",
            "internalType": "uint256"
          },
          {
            "name": "prediction",
            "type": "uint8",
            "internalType": "uint8"
          },
          {
            "name": "amount",
            "type": "uint256",
            "internalType": "uint256"
          },
          {
            "name": "minOdds",
            "type": "uint256",
            "internalType": "uint256"
          }
        ]
      },
      {
        "name": "deadline",
        "type": "uint256",
        "internalType": "uint256"
      }
    ],
    "outputs": [
      {
        "name": "betId",
        "type": "uint256",
        "internalType": "uint256"
      }
    ],
    "stateMutability": "nonpayable"
  },
  {
    "type": "function",
    "name": "placeBetWithSwap",
    "inputs": [
      {
        "name": "tokenIn",
        "type": "address",
        "internalType": "address"
      },
      {
        "name": "amountIn",
        "type": "uint256",
        "internalType": "uint256"
      },
      {
        "name": "minLBTOut",
        "type": "uint256",
        "internalType": "uint256"
      },
      {
        "name": "params",
        "type": "tuple",
        "internalType": "struct BettingRouter.BetParams",
        "components": [
          {
            "name": "matchIndex",
            "type": "uint256",
            "internalType": "uint256"
          },
          {
            "name": "prediction",
            "type": "uint8",
            "internalType": "uint8"
          },
          {
            "name": "amount",
            "type": "uint256",
            "internalType": "uint256"
          },
          {
            "name": "minOdds",
            "type": "uint256",
            "internalType": "uint256"
          }
        ]
      },
      {
        "name": "deadline",
        "type": "uint256",
        "internalType": "uint256"
      }
    ],
    "outputs": [
      {
        "name": "betId",
        "type": "uint256",
        "internalType": "uint256"
      }
    ],
    "stateMutability": "payable"
  },
  {
    "type": "function",
    "name": "placeParlay",
    "inputs": [
      {
        "name": "params",
        "type": "tuple",
        "internalType": "struct BettingRouter.ParlayParams",
        "components": [
          {
            "name": "matchIndices",
            "type": "uint256[]",
            "internalType": "uint256[]"
          },
          {
            "name": "predictions",
            "type": "uint8[]",
            "internalType": "uint8[]"
          },
          {
            "name": "amount",
            "type": "uint256",
            "internalType": "uint256"
          },
          {
            "name": "minMultiplier",
            "type": "uint256",
            "internalType": "uint256"
          }
        ]
      },
      {
        "name": "deadline",
        "type": "uint256",
        "internalType": "uint256"
      }
    ],
    "outputs": [
      {
        "name": "betId",
        "type": "uint256",
        "internalType": "uint256"
      }
    ],
    "stateMutability": "nonpayable"
  },
  {
    "type": "function",
    "name": "placeParlayWithSwap",
    "inputs": [
      {
        "name": "tokenIn",
        "type": "address",
        "internalType": "address"
      },
      {
        "name": "amountIn",
        "type": "uint256",
        "internalType": "uint256"
      },
      {
        "name": "minLBTOut",
        "type": "uint256",
        "internalType": "uint256"
      },
      {
        "name": "params",
        "type": "tuple",
        "internalType": "struct BettingRouter.ParlayParams",
        "components": [
          {
            "name": "matchIndices",
            "type": "uint256[]",
            "internalType": "uint256[]"
          },
          {
            "name": "predictions",
            "type": "uint8[]",
            "internalType": "uint8[]"
          },
          {
            "name": "amount",
            "type": "uint256",
            "internalType": "uint256"
          },
          {
            "name": "minMultiplier",
            "type": "uint256",
            "internalType": "uint256"
          }
        ]
      },
      {
        "name": "deadline",
        "type": "uint256",
        "internalType": "uint256"
      }
    ],
    "outputs": [
      {
        "name": "betId",
        "type": "uint256",
        "internalType": "uint256"
      }
    ],
    "stateMutability": "payable"
  },
  {
    "type": "function",
    "name": "previewSwap",
    "inputs": [
      {
        "name": "tokenIn",
        "type": "address",
        "internalType": "address"
      },
      {
        "name": "amountIn",
        "type": "uint256",
        "internalType": "uint256"
      }
    ],
    "outputs": [
      {
        "name": "expectedLBT",
        "type": "uint256",
        "internalType": "uint256"
      },
      {
        "name": "minLBT",
        "type": "uint256",
        "internalType": "uint256"
      }
    ],
    "stateMutability": "view"
  },
  {
    "type": "function",
    "name": "renounceOwnership",
    "inputs": [],
    "outputs": [],
    "stateMutability": "nonpayable"
  },
  {
    "type": "function",
    "name": "setBettingCore",
    "inputs": [
      {
        "name": "newBettingCore",
        "type": "address",
        "internalType": "address"
      }
    ],
    "outputs": [],
    "stateMutability": "nonpayable"
  },
  {
    "type": "function",
    "name": "setDefaultSlippage",
    "inputs": [
      {
        "name": "newSlippageBps",
        "type": "uint256",
        "internalType": "uint256"
      }
    ],
    "outputs": [],
    "stateMutability": "nonpayable"
  },
  {
    "type": "function",
    "name": "setSwapRouter",
    "inputs": [
      {
        "name": "newSwapRouter",
        "type": "address",
        "internalType": "address"
      }
    ],
    "outputs": [],
    "stateMutability": "nonpayable"
  },
  {
    "type": "function",
    "name": "swapRouter",
    "inputs": [],
    "outputs": [
      {
        "name": "",
        "type": "address",
        "internalType": "contract SwapRouter"
      }
    ],
    "stateMutability": "view"
  },
  {
    "type": "function",
    "name": "transferOwnership",
    "inputs": [
      {
        "name": "newOwner",
        "type": "address",
        "internalType": "address"
      }
    ],
    "outputs": [],
    "stateMutability": "nonpayable"
  },
  {
    "type": "event",
    "name": "BatchBetsPlaced",
    "inputs": [
      {
        "name": "bettor",
        "type": "address",
        "indexed": true,
        "internalType": "address"
      },
      {
        "name": "betIds",
        "type": "uint256[]",
        "indexed": false,
        "internalType": "uint256[]"
      }
    ],
    "anonymous": false
  },
  {
    "type": "event",
    "name": "BetPlaced",
    "inputs": [
      {
        "name": "bettor",
        "type": "address",
        "indexed": true,
        "internalType": "address"
      },
      {
        "name": "betId",
        "type": "uint256",
        "indexed": true,
        "internalType": "uint256"
      },
      {
        "name": "amount",
        "type": "uint256",
        "indexed": false,
        "internalType": "uint256"
      }
    ],
    "anonymous": false
  },
  {
    "type": "event",
    "name": "BetPlacedWithSwap",
    "inputs": [
      {
        "name": "bettor",
        "type": "address",
        "indexed": true,
        "internalType": "address"
      },
      {
        "name": "tokenIn",
        "type": "address",
        "indexed": true,
        "internalType": "address"
      },
      {
        "name": "amountIn",
        "type": "uint256",
        "indexed": false,
        "internalType": "uint256"
      },
      {
        "name": "lbtReceived",
        "type": "uint256",
        "indexed": false,
        "internalType": "uint256"
      },
      {
        "name": "betId",
        "type": "uint256",
        "indexed": false,
        "internalType": "uint256"
      }
    ],
    "anonymous": false
  },
  {
    "type": "event",
    "name": "OwnershipTransferred",
    "inputs": [
      {
        "name": "previousOwner",
        "type": "address",
        "indexed": true,
        "internalType": "address"
      },
      {
        "name": "newOwner",
        "type": "address",
        "indexed": true,
        "internalType": "address"
      }
    ],
    "anonymous": false
  },
  {
    "type": "event",
    "name": "ParlayPlaced",
    "inputs": [
      {
        "name": "bettor",
        "type": "address",
        "indexed": true,
        "internalType": "address"
      },
      {
        "name": "betId",
        "type": "uint256",
        "indexed": false,
        "internalType": "uint256"
      },
      {
        "name": "totalAmount",
        "type": "uint256",
        "indexed": false,
        "internalType": "uint256"
      }
    ],
    "anonymous": false
  },
  {
    "type": "event",
    "name": "WinningsClaimed",
    "inputs": [
      {
        "name": "bettor",
        "type": "address",
        "indexed": true,
        "internalType": "address"
      },
      {
        "name": "betId",
        "type": "uint256",
        "indexed": true,
        "internalType": "uint256"
      },
      {
        "name": "amount",
        "type": "uint256",
        "indexed": false,
        "internalType": "uint256"
      }
    ],
    "anonymous": false
  },
  {
    "type": "error",
    "name": "ArrayLengthMismatch",
    "inputs": []
  },
  {
    "type": "error",
    "name": "DeadlineExpired",
    "inputs": []
  },
  {
    "type": "error",
    "name": "EmptyBets",
    "inputs": []
  },
  {
    "type": "error",
    "name": "InsufficientAllowance",
    "inputs": []
  },
  {
    "type": "error",
    "name": "InvalidBettingCore",
    "inputs": []
  },
  {
    "type": "error",
    "name": "InvalidSwapRouter",
    "inputs": []
  },
  {
    "type": "error",
    "name": "OddsSlippageExceeded",
    "inputs": []
  },
  {
    "type": "error",
    "name": "OwnableInvalidOwner",
    "inputs": [
      {
        "name": "owner",
        "type": "address",
        "internalType": "address"
      }
    ]
  },
  {
    "type": "error",
    "name": "OwnableUnauthorizedAccount",
    "inputs": [
      {
        "name": "account",
        "type": "address",
        "internalType": "address"
      }
    ]
  },
  {
    "type": "error",
    "name": "ReentrancyGuardReentrantCall",
    "inputs": []
  },
  {
    "type": "error",
    "name": "SafeERC20FailedOperation",
    "inputs": [
      {
        "name": "token",
        "type": "address",
        "internalType": "address"
      }
    ]
  },
  {
    "type": "error",
    "name": "ZeroAmount",
    "inputs": []
  }
]