[
  {
    "type": "constructor",
    "inputs": [
      {
        "name": "_gameEngine",
        "type": "address",
        "internalType": "address"
      },
      {
        "name": "_protocolTreasury",
        "type": "address",
        "internalType": "address"
      },
      {
        "name": "_initialOwner",
        "type": "address",
        "internalType": "address"
      }
    ],
    "stateMutability": "nonpayable"
  },
  {
    "type": "function",
    "name": "batchClaim",
    "inputs": [
      {
        "name": "betIds",
        "type": "uint256[]",
        "internalType": "uint256[]"
      }
    ],
    "outputs": [
      {
        "name": "totalPayout",
        "type": "uint256",
        "internalType": "uint256"
      }
    ],
    "stateMutability": "nonpayable"
  },
  {
    "type": "function",
    "name": "canClaimWithBounty",
    "inputs": [
      {
        "name": "betId",
        "type": "uint256",
        "internalType": "uint256"
      }
    ],
    "outputs": [
      {
        "name": "eligible",
        "type": "bool",
        "internalType": "bool"
      },
      {
        "name": "timeUntilBounty",
        "type": "uint256",
        "internalType": "uint256"
      },
      {
        "name": "bountyAmount",
        "type": "uint256",
        "internalType": "uint256"
      },
      {
        "name": "winnerAmount",
        "type": "uint256",
        "internalType": "uint256"
      }
    ],
    "stateMutability": "view"
  },
  {
    "type": "function",
    "name": "cancelBet",
    "inputs": [
      {
        "name": "betId",
        "type": "uint256",
        "internalType": "uint256"
      }
    ],
    "outputs": [
      {
        "name": "refundAmount",
        "type": "uint256",
        "internalType": "uint256"
      }
    ],
    "stateMutability": "nonpayable"
  },
  {
    "type": "function",
    "name": "claimWinnings",
    "inputs": [
      {
        "name": "betId",
        "type": "uint256",
        "internalType": "uint256"
      },
      {
        "name": "minPayout",
        "type": "uint256",
        "internalType": "uint256"
      }
    ],
    "outputs": [
      {
        "name": "payout",
        "type": "uint256",
        "internalType": "uint256"
      }
    ],
    "stateMutability": "nonpayable"
  },
  {
    "type": "function",
    "name": "depositReserves",
    "inputs": [
      {
        "name": "amount",
        "type": "uint256",
        "internalType": "uint256"
      }
    ],
    "outputs": [],
    "stateMutability": "nonpayable"
  },
  {
    "type": "function",
    "name": "getAvailableReserves",
    "inputs": [],
    "outputs": [
      {
        "name": "available",
        "type": "uint256",
        "internalType": "uint256"
      },
      {
        "name": "locked",
        "type": "uint256",
        "internalType": "uint256"
      },
      {
        "name": "total",
        "type": "uint256",
        "internalType": "uint256"
      }
    ],
    "stateMutability": "view"
  },
  {
    "type": "function",
    "name": "getBet",
    "inputs": [
      {
        "name": "betId",
        "type": "uint256",
        "internalType": "uint256"
      }
    ],
    "outputs": [
      {
        "name": "bet",
        "type": "tuple",
        "internalType": "struct DataTypes.Bet",
        "components": [
          {
            "name": "bettor",
            "type": "address",
            "internalType": "address"
          },
          {
            "name": "token",
            "type": "address",
            "internalType": "address"
          },
          {
            "name": "amount",
            "type": "uint128",
            "internalType": "uint128"
          },
          {
            "name": "potentialPayout",
            "type": "uint128",
            "internalType": "uint128"
          },
          {
            "name": "lockedMultiplier",
            "type": "uint128",
            "internalType": "uint128"
          },
          {
            "name": "roundId",
            "type": "uint64",
            "internalType": "uint64"
          },
          {
            "name": "timestamp",
            "type": "uint32",
            "internalType": "uint32"
          },
          {
            "name": "legCount",
            "type": "uint8",
            "internalType": "uint8"
          },
          {
            "name": "status",
            "type": "uint8",
            "internalType": "enum DataTypes.BetStatus"
          }
        ]
      },
      {
        "name": "predictions",
        "type": "tuple",
        "internalType": "struct DataTypes.BetPredictions",
        "components": [
          {
            "name": "predictions",
            "type": "tuple[]",
            "internalType": "struct DataTypes.Prediction[]",
            "components": [
              {
                "name": "matchIndex",
                "type": "uint8",
                "internalType": "uint8"
              },
              {
                "name": "predictedOutcome",
                "type": "uint8",
                "internalType": "uint8"
              }
            ]
          }
        ]
      }
    ],
    "stateMutability": "view"
  },
  {
    "type": "function",
    "name": "getBetClaimStatus",
    "inputs": [
      {
        "name": "betId",
        "type": "uint256",
        "internalType": "uint256"
      }
    ],
    "outputs": [
      {
        "name": "isWon",
        "type": "bool",
        "internalType": "bool"
      },
      {
        "name": "isClaimed",
        "type": "bool",
        "internalType": "bool"
      },
      {
        "name": "totalPayout",
        "type": "uint256",
        "internalType": "uint256"
      },
      {
        "name": "claimDeadline",
        "type": "uint256",
        "internalType": "uint256"
      },
      {
        "name": "canBountyClaim",
        "type": "bool",
        "internalType": "bool"
      }
    ],
    "stateMutability": "view"
  },
  {
    "type": "function",
    "name": "getClaimableWithBounty",
    "inputs": [
      {
        "name": "roundId",
        "type": "uint256",
        "internalType": "uint256"
      },
      {
        "name": "maxResults",
        "type": "uint256",
        "internalType": "uint256"
      }
    ],
    "outputs": [
      {
        "name": "betIds",
        "type": "uint256[]",
        "internalType": "uint256[]"
      },
      {
        "name": "bounties",
        "type": "uint256[]",
        "internalType": "uint256[]"
      }
    ],
    "stateMutability": "view"
  },
  {
    "type": "function",
    "name": "getCurrentRound",
    "inputs": [],
    "outputs": [
      {
        "name": "",
        "type": "uint256",
        "internalType": "uint256"
      }
    ],
    "stateMutability": "view"
  },
  {
    "type": "function",
    "name": "getLBTToken",
    "inputs": [],
    "outputs": [
      {
        "name": "",
        "type": "address",
        "internalType": "address"
      }
    ],
    "stateMutability": "view"
  },
  {
    "type": "function",
    "name": "getLockedOdds",
    "inputs": [
      {
        "name": "roundId",
        "type": "uint256",
        "internalType": "uint256"
      },
      {
        "name": "matchIndex",
        "type": "uint256",
        "internalType": "uint256"
      }
    ],
    "outputs": [
      {
        "name": "homeOdds",
        "type": "uint256",
        "internalType": "uint256"
      },
      {
        "name": "awayOdds",
        "type": "uint256",
        "internalType": "uint256"
      },
      {
        "name": "drawOdds",
        "type": "uint256",
        "internalType": "uint256"
      },
      {
        "name": "locked",
        "type": "bool",
        "internalType": "bool"
      }
    ],
    "stateMutability": "view"
  },
  {
    "type": "function",
    "name": "getMatchPool",
    "inputs": [
      {
        "name": "roundId",
        "type": "uint256",
        "internalType": "uint256"
      },
      {
        "name": "matchIndex",
        "type": "uint256",
        "internalType": "uint256"
      }
    ],
    "outputs": [
      {
        "name": "",
        "type": "tuple",
        "internalType": "struct DataTypes.MatchPool",
        "components": [
          {
            "name": "homeWinPool",
            "type": "uint256",
            "internalType": "uint256"
          },
          {
            "name": "awayWinPool",
            "type": "uint256",
            "internalType": "uint256"
          },
          {
            "name": "drawPool",
            "type": "uint256",
            "internalType": "uint256"
          },
          {
            "name": "totalPool",
            "type": "uint256",
            "internalType": "uint256"
          },
          {
            "name": "homeBetAmount",
            "type": "uint256",
            "internalType": "uint256"
          },
          {
            "name": "awayBetAmount",
            "type": "uint256",
            "internalType": "uint256"
          },
          {
            "name": "drawBetAmount",
            "type": "uint256",
            "internalType": "uint256"
          }
        ]
      }
    ],
    "stateMutability": "view"
  },
  {
    "type": "function",
    "name": "getOdds",
    "inputs": [
      {
        "name": "roundId",
        "type": "uint256",
        "internalType": "uint256"
      },
      {
        "name": "matchIndex",
        "type": "uint256",
        "internalType": "uint256"
      },
      {
        "name": "prediction",
        "type": "uint8",
        "internalType": "uint8"
      }
    ],
    "outputs": [
      {
        "name": "odds",
        "type": "uint256",
        "internalType": "uint256"
      }
    ],
    "stateMutability": "view"
  },
  {
    "type": "function",
    "name": "getProtocolReserves",
    "inputs": [],
    "outputs": [
      {
        "name": "reserves",
        "type": "uint256",
        "internalType": "uint256"
      }
    ],
    "stateMutability": "view"
  },
  {
    "type": "function",
    "name": "getRoundAccounting",
    "inputs": [
      {
        "name": "roundId",
        "type": "uint256",
        "internalType": "uint256"
      }
    ],
    "outputs": [
      {
        "name": "",
        "type": "tuple",
        "internalType": "struct DataTypes.RoundAccounting",
        "components": [
          {
            "name": "totalBetVolume",
            "type": "uint128",
            "internalType": "uint128"
          },
          {
            "name": "parlayCount",
            "type": "uint32",
            "internalType": "uint32"
          },
          {
            "name": "totalBets",
            "type": "uint32",
            "internalType": "uint32"
          }
        ]
      }
    ],
    "stateMutability": "view"
  },
  {
    "type": "function",
    "name": "getRoundMetadata",
    "inputs": [
      {
        "name": "roundId",
        "type": "uint256",
        "internalType": "uint256"
      }
    ],
    "outputs": [
      {
        "name": "",
        "type": "tuple",
        "internalType": "struct DataTypes.RoundMetadata",
        "components": [
          {
            "name": "roundStartTime",
            "type": "uint64",
            "internalType": "uint64"
          },
          {
            "name": "roundEndTime",
            "type": "uint64",
            "internalType": "uint64"
          },
          {
            "name": "seeded",
            "type": "bool",
            "internalType": "bool"
          },
          {
            "name": "settled",
            "type": "bool",
            "internalType": "bool"
          }
        ]
      }
    ],
    "stateMutability": "view"
  },
  {
    "type": "function",
    "name": "getRoundPool",
    "inputs": [
      {
        "name": "roundId",
        "type": "uint256",
        "internalType": "uint256"
      }
    ],
    "outputs": [
      {
        "name": "totalLocked",
        "type": "uint256",
        "internalType": "uint256"
      },
      {
        "name": "totalClaimed",
        "type": "uint256",
        "internalType": "uint256"
      },
      {
        "name": "remaining",
        "type": "uint256",
        "internalType": "uint256"
      },
      {
        "name": "sweepDeadline",
        "type": "uint256",
        "internalType": "uint256"
      },
      {
        "name": "swept",
        "type": "bool",
        "internalType": "bool"
      }
    ],
    "stateMutability": "view"
  },
  {
    "type": "function",
    "name": "getUserBets",
    "inputs": [
      {
        "name": "user",
        "type": "address",
        "internalType": "address"
      }
    ],
    "outputs": [
      {
        "name": "",
        "type": "uint256[]",
        "internalType": "uint256[]"
      }
    ],
    "stateMutability": "view"
  },
  {
    "type": "function",
    "name": "owner",
    "inputs": [],
    "outputs": [
      {
        "name": "",
        "type": "address",
        "internalType": "address"
      }
    ],
    "stateMutability": "view"
  },
  {
    "type": "function",
    "name": "pause",
    "inputs": [],
    "outputs": [],
    "stateMutability": "nonpayable"
  },
  {
    "type": "function",
    "name": "paused",
    "inputs": [],
    "outputs": [
      {
        "name": "",
        "type": "bool",
        "internalType": "bool"
      }
    ],
    "stateMutability": "view"
  },
  {
    "type": "function",
    "name": "placeBet",
    "inputs": [
      {
        "name": "amount",
        "type": "uint256",
        "internalType": "uint256"
      },
      {
        "name": "matchIndices",
        "type": "uint256[]",
        "internalType": "uint256[]"
      },
      {
        "name": "predictions",
        "type": "uint8[]",
        "internalType": "uint8[]"
      }
    ],
    "outputs": [
      {
        "name": "betId",
        "type": "uint256",
        "internalType": "uint256"
      }
    ],
    "stateMutability": "nonpayable"
  },
  {
    "type": "function",
    "name": "renounceOwnership",
    "inputs": [],
    "outputs": [],
    "stateMutability": "nonpayable"
  },
  {
    "type": "function",
    "name": "seedRound",
    "inputs": [
      {
        "name": "roundId",
        "type": "uint256",
        "internalType": "uint256"
      }
    ],
    "outputs": [],
    "stateMutability": "nonpayable"
  },
  {
    "type": "function",
    "name": "setBettingEnabled",
    "inputs": [
      {
        "name": "enabled",
        "type": "bool",
        "internalType": "bool"
      }
    ],
    "outputs": [],
    "stateMutability": "nonpayable"
  },
  {
    "type": "function",
    "name": "setGameEngine",
    "inputs": [
      {
        "name": "newEngine",
        "type": "address",
        "internalType": "address"
      }
    ],
    "outputs": [],
    "stateMutability": "nonpayable"
  },
  {
    "type": "function",
    "name": "setLBTToken",
    "inputs": [
      {
        "name": "_lbtToken",
        "type": "address",
        "internalType": "address"
      }
    ],
    "outputs": [],
    "stateMutability": "nonpayable"
  },
  {
    "type": "function",
    "name": "setSeasonPredictor",
    "inputs": [
      {
        "name": "_seasonPredictor",
        "type": "address",
        "internalType": "address"
      }
    ],
    "outputs": [],
    "stateMutability": "nonpayable"
  },
  {
    "type": "function",
    "name": "setSwapRouter",
    "inputs": [
      {
        "name": "_swapRouter",
        "type": "address",
        "internalType": "address"
      }
    ],
    "outputs": [],
    "stateMutability": "nonpayable"
  },
  {
    "type": "function",
    "name": "setTreasury",
    "inputs": [
      {
        "name": "newTreasury",
        "type": "address",
        "internalType": "address"
      }
    ],
    "outputs": [],
    "stateMutability": "nonpayable"
  },
  {
    "type": "function",
    "name": "settleRound",
    "inputs": [
      {
        "name": "roundId",
        "type": "uint256",
        "internalType": "uint256"
      },
      {
        "name": "results",
        "type": "uint8[]",
        "internalType": "uint8[]"
      }
    ],
    "outputs": [],
    "stateMutability": "nonpayable"
  },
  {
    "type": "function",
    "name": "sweepRoundPool",
    "inputs": [
      {
        "name": "roundId",
        "type": "uint256",
        "internalType": "uint256"
      }
    ],
    "outputs": [],
    "stateMutability": "nonpayable"
  },
  {
    "type": "function",
    "name": "transferOwnership",
    "inputs": [
      {
        "name": "newOwner",
        "type": "address",
        "internalType": "address"
      }
    ],
    "outputs": [],
    "stateMutability": "nonpayable"
  },
  {
    "type": "function",
    "name": "unpause",
    "inputs": [],
    "outputs": [],
    "stateMutability": "nonpayable"
  },
  {
    "type": "function",
    "name": "updateFeeConfig",
    "inputs": [
      {
        "name": "config",
        "type": "tuple",
        "internalType": "struct DataTypes.FeeConfig",
        "components": [
          {
            "name": "protocolFeeBps",
            "type": "uint16",
            "internalType": "uint16"
          },
          {
            "name": "seasonPoolFeeBps",
            "type": "uint16",
            "internalType": "uint16"
          },
          {
            "name": "cancellationFeeBps",
            "type": "uint16",
            "internalType": "uint16"
          }
        ]
      }
    ],
    "outputs": [],
    "stateMutability": "nonpayable"
  },
  {
    "type": "function",
    "name": "updateLimits",
    "inputs": [
      {
        "name": "limits",
        "type": "tuple",
        "internalType": "struct DataTypes.BettingLimits",
        "components": [
          {
            "name": "maxBetAmount",
            "type": "uint128",
            "internalType": "uint128"
          },
          {
            "name": "maxPayoutPerBet",
            "type": "uint128",
            "internalType": "uint128"
          },
          {
            "name": "maxRoundPayouts",
            "type": "uint128",
            "internalType": "uint128"
          },
          {
            "name": "minBetAmount",
            "type": "uint128",
            "internalType": "uint128"
          }
        ]
      }
    ],
    "outputs": [],
    "stateMutability": "nonpayable"
  },
  {
    "type": "function",
    "name": "withdrawReserves",
    "inputs": [
      {
        "name": "amount",
        "type": "uint256",
        "internalType": "uint256"
      },
      {
        "name": "recipient",
        "type": "address",
        "internalType": "address"
      }
    ],
    "outputs": [],
    "stateMutability": "nonpayable"
  },
  {
    "type": "event",
    "name": "BetCancelled",
    "inputs": [
      {
        "name": "betId",
        "type": "uint256",
        "indexed": true,
        "internalType": "uint256"
      },
      {
        "name": "bettor",
        "type": "address",
        "indexed": true,
        "internalType": "address"
      },
      {
        "name": "refundAmount",
        "type": "uint256",
        "indexed": false,
        "internalType": "uint256"
      }
    ],
    "anonymous": false
  },
  {
    "type": "event",
    "name": "BetLost",
    "inputs": [
      {
        "name": "betId",
        "type": "uint256",
        "indexed": true,
        "internalType": "uint256"
      }
    ],
    "anonymous": false
  },
  {
    "type": "event",
    "name": "BetPlaced",
    "inputs": [
      {
        "name": "betId",
        "type": "uint256",
        "indexed": true,
        "internalType": "uint256"
      },
      {
        "name": "bettor",
        "type": "address",
        "indexed": true,
        "internalType": "address"
      },
      {
        "name": "roundId",
        "type": "uint256",
        "indexed": false,
        "internalType": "uint256"
      },
      {
        "name": "amount",
        "type": "uint256",
        "indexed": false,
        "internalType": "uint256"
      },
      {
        "name": "parlayMultiplier",
        "type": "uint256",
        "indexed": false,
        "internalType": "uint256"
      },
      {
        "name": "legCount",
        "type": "uint8",
        "indexed": false,
        "internalType": "uint8"
      }
    ],
    "anonymous": false
  },
  {
    "type": "event",
    "name": "BettingEnabledChanged",
    "inputs": [
      {
        "name": "enabled",
        "type": "bool",
        "indexed": false,
        "internalType": "bool"
      }
    ],
    "anonymous": false
  },
  {
    "type": "event",
    "name": "BountyClaim",
    "inputs": [
      {
        "name": "betId",
        "type": "uint256",
        "indexed": true,
        "internalType": "uint256"
      },
      {
        "name": "claimer",
        "type": "address",
        "indexed": true,
        "internalType": "address"
      },
      {
        "name": "bounty",
        "type": "uint256",
        "indexed": false,
        "internalType": "uint256"
      },
      {
        "name": "winner",
        "type": "address",
        "indexed": true,
        "internalType": "address"
      },
      {
        "name": "winnerAmount",
        "type": "uint256",
        "indexed": false,
        "internalType": "uint256"
      }
    ],
    "anonymous": false
  },
  {
    "type": "event",
    "name": "FeeConfigUpdated",
    "inputs": [
      {
        "name": "protocolFeeBps",
        "type": "uint16",
        "indexed": false,
        "internalType": "uint16"
      },
      {
        "name": "seasonPoolFeeBps",
        "type": "uint16",
        "indexed": false,
        "internalType": "uint16"
      },
      {
        "name": "cancellationFeeBps",
        "type": "uint16",
        "indexed": false,
        "internalType": "uint16"
      }
    ],
    "anonymous": false
  },
  {
    "type": "event",
    "name": "GameEngineUpdated",
    "inputs": [
      {
        "name": "oldEngine",
        "type": "address",
        "indexed": true,
        "internalType": "address"
      },
      {
        "name": "newEngine",
        "type": "address",
        "indexed": true,
        "internalType": "address"
      }
    ],
    "anonymous": false
  },
  {
    "type": "event",
    "name": "LBTTokenSet",
    "inputs": [
      {
        "name": "lbtToken",
        "type": "address",
        "indexed": true,
        "internalType": "address"
      }
    ],
    "anonymous": false
  },
  {
    "type": "event",
    "name": "LimitsUpdated",
    "inputs": [
      {
        "name": "maxBetAmount",
        "type": "uint128",
        "indexed": false,
        "internalType": "uint128"
      },
      {
        "name": "maxPayoutPerBet",
        "type": "uint128",
        "indexed": false,
        "internalType": "uint128"
      },
      {
        "name": "maxRoundPayouts",
        "type": "uint128",
        "indexed": false,
        "internalType": "uint128"
      },
      {
        "name": "minBetAmount",
        "type": "uint128",
        "indexed": false,
        "internalType": "uint128"
      }
    ],
    "anonymous": false
  },
  {
    "type": "event",
    "name": "OddsLocked",
    "inputs": [
      {
        "name": "roundId",
        "type": "uint256",
        "indexed": true,
        "internalType": "uint256"
      }
    ],
    "anonymous": false
  },
  {
    "type": "event",
    "name": "OwnershipTransferred",
    "inputs": [
      {
        "name": "previousOwner",
        "type": "address",
        "indexed": true,
        "internalType": "address"
      },
      {
        "name": "newOwner",
        "type": "address",
        "indexed": true,
        "internalType": "address"
      }
    ],
    "anonymous": false
  },
  {
    "type": "event",
    "name": "Paused",
    "inputs": [
      {
        "name": "account",
        "type": "address",
        "indexed": false,
        "internalType": "address"
      }
    ],
    "anonymous": false
  },
  {
    "type": "event",
    "name": "ProtocolDeposit",
    "inputs": [
      {
        "name": "depositor",
        "type": "address",
        "indexed": true,
        "internalType": "address"
      },
      {
        "name": "amount",
        "type": "uint256",
        "indexed": false,
        "internalType": "uint256"
      }
    ],
    "anonymous": false
  },
  {
    "type": "event",
    "name": "ProtocolWithdraw",
    "inputs": [
      {
        "name": "recipient",
        "type": "address",
        "indexed": true,
        "internalType": "address"
      },
      {
        "name": "amount",
        "type": "uint256",
        "indexed": false,
        "internalType": "uint256"
      }
    ],
    "anonymous": false
  },
  {
    "type": "event",
    "name": "RevenueFinalized",
    "inputs": [
      {
        "name": "roundId",
        "type": "uint256",
        "indexed": true,
        "internalType": "uint256"
      },
      {
        "name": "protocolShare",
        "type": "uint256",
        "indexed": false,
        "internalType": "uint256"
      },
      {
        "name": "seasonShare",
        "type": "uint256",
        "indexed": false,
        "internalType": "uint256"
      }
    ],
    "anonymous": false
  },
  {
    "type": "event",
    "name": "RoundPoolSwept",
    "inputs": [
      {
        "name": "roundId",
        "type": "uint256",
        "indexed": true,
        "internalType": "uint256"
      },
      {
        "name": "remaining",
        "type": "uint256",
        "indexed": false,
        "internalType": "uint256"
      },
      {
        "name": "protocolShare",
        "type": "uint256",
        "indexed": false,
        "internalType": "uint256"
      },
      {
        "name": "seasonShare",
        "type": "uint256",
        "indexed": false,
        "internalType": "uint256"
      }
    ],
    "anonymous": false
  },
  {
    "type": "event",
    "name": "RoundSeeded",
    "inputs": [
      {
        "name": "roundId",
        "type": "uint256",
        "indexed": true,
        "internalType": "uint256"
      }
    ],
    "anonymous": false
  },
  {
    "type": "event",
    "name": "RoundSettled",
    "inputs": [
      {
        "name": "roundId",
        "type": "uint256",
        "indexed": true,
        "internalType": "uint256"
      },
      {
        "name": "totalPayouts",
        "type": "uint256",
        "indexed": false,
        "internalType": "uint256"
      }
    ],
    "anonymous": false
  },
  {
    "type": "event",
    "name": "SeasonPredictorUpdated",
    "inputs": [
      {
        "name": "seasonPredictor",
        "type": "address",
        "indexed": true,
        "internalType": "address"
      }
    ],
    "anonymous": false
  },
  {
    "type": "event",
    "name": "SwapRouterUpdated",
    "inputs": [
      {
        "name": "oldRouter",
        "type": "address",
        "indexed": true,
        "internalType": "address"
      },
      {
        "name": "newRouter",
        "type": "address",
        "indexed": true,
        "internalType": "address"
      }
    ],
    "anonymous": false
  },
  {
    "type": "event",
    "name": "TreasuryUpdated",
    "inputs": [
      {
        "name": "oldTreasury",
        "type": "address",
        "indexed": true,
        "internalType": "address"
      },
      {
        "name": "newTreasury",
        "type": "address",
        "indexed": true,
        "internalType": "address"
      }
    ],
    "anonymous": false
  },
  {
    "type": "event",
    "name": "Unpaused",
    "inputs": [
      {
        "name": "account",
        "type": "address",
        "indexed": false,
        "internalType": "address"
      }
    ],
    "anonymous": false
  },
  {
    "type": "event",
    "name": "WinningsClaimed",
    "inputs": [
      {
        "name": "betId",
        "type": "uint256",
        "indexed": true,
        "internalType": "uint256"
      },
      {
        "name": "winner",
        "type": "address",
        "indexed": true,
        "internalType": "address"
      },
      {
        "name": "payout",
        "type": "uint256",
        "indexed": false,
        "internalType": "uint256"
      }
    ],
    "anonymous": false
  },
  {
    "type": "error",
    "name": "BetAlreadySettled",
    "inputs": []
  },
  {
    "type": "error",
    "name": "BetNotFound",
    "inputs": []
  },
  {
    "type": "error",
    "name": "BettingDisabled",
    "inputs": []
  },
  {
    "type": "error",
    "name": "BettingWindowClosed",
    "inputs": []
  },
  {
    "type": "error",
    "name": "EnforcedPause",
    "inputs": []
  },
  {
    "type": "error",
    "name": "ExpectedPause",
    "inputs": []
  },
  {
    "type": "error",
    "name": "InsufficientLiquidity",
    "inputs": []
  },
  {
    "type": "error",
    "name": "InvalidAmount",
    "inputs": []
  },
  {
    "type": "error",
    "name": "InvalidMatchIndex",
    "inputs": []
  },
  {
    "type": "error",
    "name": "InvalidPrediction",
    "inputs": []
  },
  {
    "type": "error",
    "name": "InvalidToken",
    "inputs": []
  },
  {
    "type": "error",
    "name": "NotBetOwner",
    "inputs": []
  },
  {
    "type": "error",
    "name": "OwnableInvalidOwner",
    "inputs": [
      {
        "name": "owner",
        "type": "address",
        "internalType": "address"
      }
    ]
  },
  {
    "type": "error",
    "name": "OwnableUnauthorizedAccount",
    "inputs": [
      {
        "name": "account",
        "type": "address",
        "internalType": "address"
      }
    ]
  },
  {
    "type": "error",
    "name": "ReentrancyGuardReentrantCall",
    "inputs": []
  },
  {
    "type": "error",
    "name": "RoundAlreadySeeded",
    "inputs": []
  },
  {
    "type": "error",
    "name": "RoundNotActive",
    "inputs": []
  },
  {
    "type": "error",
    "name": "SafeERC20FailedOperation",
    "inputs": [
      {
        "name": "token",
        "type": "address",
        "internalType": "address"
      }
    ]
  },
  {
    "type": "error",
    "name": "UnauthorizedCaller",
    "inputs": []
  }
]