[
  {
    "type": "constructor",
    "inputs": [
      {
        "name": "_linkAddress",
        "type": "address",
        "internalType": "address"
      },
      {
        "name": "_vrfCoordinator",
        "type": "address",
        "internalType": "address"
      },
      {
        "name": "_subscriptionId",
        "type": "uint256",
        "internalType": "uint256"
      }
    ],
    "stateMutability": "nonpayable"
  },
  {
    "type": "receive",
    "stateMutability": "payable"
  },
  {
    "type": "function",
    "name": "MATCHES_PER_ROUND",
    "inputs": [],
    "outputs": [
      {
        "name": "",
        "type": "uint256",
        "internalType": "uint256"
      }
    ],
    "stateMutability": "view"
  },
  {
    "type": "function",
    "name": "ROUNDS_PER_SEASON",
    "inputs": [],
    "outputs": [
      {
        "name": "",
        "type": "uint256",
        "internalType": "uint256"
      }
    ],
    "stateMutability": "view"
  },
  {
    "type": "function",
    "name": "ROUND_DURATION",
    "inputs": [],
    "outputs": [
      {
        "name": "",
        "type": "uint256",
        "internalType": "uint256"
      }
    ],
    "stateMutability": "view"
  },
  {
    "type": "function",
    "name": "TEAMS_COUNT",
    "inputs": [],
    "outputs": [
      {
        "name": "",
        "type": "uint256",
        "internalType": "uint256"
      }
    ],
    "stateMutability": "view"
  },
  {
    "type": "function",
    "name": "VRF_TIMEOUT",
    "inputs": [],
    "outputs": [
      {
        "name": "",
        "type": "uint256",
        "internalType": "uint256"
      }
    ],
    "stateMutability": "view"
  },
  {
    "type": "function",
    "name": "acceptOwnership",
    "inputs": [],
    "outputs": [],
    "stateMutability": "nonpayable"
  },
  {
    "type": "function",
    "name": "authorizedBettingContracts",
    "inputs": [
      {
        "name": "",
        "type": "address",
        "internalType": "address"
      }
    ],
    "outputs": [
      {
        "name": "",
        "type": "bool",
        "internalType": "bool"
      }
    ],
    "stateMutability": "view"
  },
  {
    "type": "function",
    "name": "bettingCore",
    "inputs": [],
    "outputs": [
      {
        "name": "",
        "type": "address",
        "internalType": "address"
      }
    ],
    "stateMutability": "view"
  },
  {
    "type": "function",
    "name": "callbackGasLimit",
    "inputs": [],
    "outputs": [
      {
        "name": "",
        "type": "uint32",
        "internalType": "uint32"
      }
    ],
    "stateMutability": "view"
  },
  {
    "type": "function",
    "name": "completeSeason",
    "inputs": [],
    "outputs": [],
    "stateMutability": "nonpayable"
  },
  {
    "type": "function",
    "name": "currentSeason",
    "inputs": [],
    "outputs": [
      {
        "name": "seasonId",
        "type": "uint256",
        "internalType": "uint256"
      },
      {
        "name": "startTime",
        "type": "uint256",
        "internalType": "uint256"
      },
      {
        "name": "currentRound",
        "type": "uint256",
        "internalType": "uint256"
      },
      {
        "name": "totalRounds",
        "type": "uint256",
        "internalType": "uint256"
      },
      {
        "name": "active",
        "type": "bool",
        "internalType": "bool"
      },
      {
        "name": "completed",
        "type": "bool",
        "internalType": "bool"
      },
      {
        "name": "winningTeamId",
        "type": "uint256",
        "internalType": "uint256"
      }
    ],
    "stateMutability": "view"
  },
  {
    "type": "function",
    "name": "emergencySettleRound",
    "inputs": [
      {
        "name": "roundId",
        "type": "uint256",
        "internalType": "uint256"
      },
      {
        "name": "seed",
        "type": "uint256",
        "internalType": "uint256"
      }
    ],
    "outputs": [],
    "stateMutability": "nonpayable"
  },
  {
    "type": "function",
    "name": "getCurrentRound",
    "inputs": [],
    "outputs": [
      {
        "name": "",
        "type": "uint256",
        "internalType": "uint256"
      }
    ],
    "stateMutability": "view"
  },
  {
    "type": "function",
    "name": "getCurrentSeason",
    "inputs": [],
    "outputs": [
      {
        "name": "",
        "type": "uint256",
        "internalType": "uint256"
      }
    ],
    "stateMutability": "view"
  },
  {
    "type": "function",
    "name": "getMatch",
    "inputs": [
      {
        "name": "roundId",
        "type": "uint256",
        "internalType": "uint256"
      },
      {
        "name": "matchIndex",
        "type": "uint256",
        "internalType": "uint256"
      }
    ],
    "outputs": [
      {
        "name": "",
        "type": "tuple",
        "internalType": "struct GameCore.Match",
        "components": [
          {
            "name": "homeTeamId",
            "type": "uint8",
            "internalType": "uint8"
          },
          {
            "name": "awayTeamId",
            "type": "uint8",
            "internalType": "uint8"
          },
          {
            "name": "homeScore",
            "type": "uint8",
            "internalType": "uint8"
          },
          {
            "name": "awayScore",
            "type": "uint8",
            "internalType": "uint8"
          },
          {
            "name": "outcome",
            "type": "uint8",
            "internalType": "enum GameCore.MatchOutcome"
          },
          {
            "name": "settled",
            "type": "bool",
            "internalType": "bool"
          }
        ]
      }
    ],
    "stateMutability": "view"
  },
  {
    "type": "function",
    "name": "getResults",
    "inputs": [
      {
        "name": "roundId",
        "type": "uint256",
        "internalType": "uint256"
      }
    ],
    "outputs": [
      {
        "name": "results",
        "type": "uint8[10]",
        "internalType": "uint8[10]"
      }
    ],
    "stateMutability": "view"
  },
  {
    "type": "function",
    "name": "getRoundMatches",
    "inputs": [
      {
        "name": "roundId",
        "type": "uint256",
        "internalType": "uint256"
      }
    ],
    "outputs": [
      {
        "name": "result",
        "type": "tuple[]",
        "internalType": "struct GameCore.Match[]",
        "components": [
          {
            "name": "homeTeamId",
            "type": "uint8",
            "internalType": "uint8"
          },
          {
            "name": "awayTeamId",
            "type": "uint8",
            "internalType": "uint8"
          },
          {
            "name": "homeScore",
            "type": "uint8",
            "internalType": "uint8"
          },
          {
            "name": "awayScore",
            "type": "uint8",
            "internalType": "uint8"
          },
          {
            "name": "outcome",
            "type": "uint8",
            "internalType": "enum GameCore.MatchOutcome"
          },
          {
            "name": "settled",
            "type": "bool",
            "internalType": "bool"
          }
        ]
      }
    ],
    "stateMutability": "view"
  },
  {
    "type": "function",
    "name": "getSeasonStandings",
    "inputs": [
      {
        "name": "seasonId",
        "type": "uint256",
        "internalType": "uint256"
      }
    ],
    "outputs": [
      {
        "name": "result",
        "type": "tuple[]",
        "internalType": "struct GameCore.Team[]",
        "components": [
          {
            "name": "name",
            "type": "string",
            "internalType": "string"
          },
          {
            "name": "wins",
            "type": "uint256",
            "internalType": "uint256"
          },
          {
            "name": "draws",
            "type": "uint256",
            "internalType": "uint256"
          },
          {
            "name": "losses",
            "type": "uint256",
            "internalType": "uint256"
          },
          {
            "name": "points",
            "type": "uint256",
            "internalType": "uint256"
          },
          {
            "name": "goalsFor",
            "type": "uint256",
            "internalType": "uint256"
          },
          {
            "name": "goalsAgainst",
            "type": "uint256",
            "internalType": "uint256"
          }
        ]
      }
    ],
    "stateMutability": "view"
  },
  {
    "type": "function",
    "name": "getTeam",
    "inputs": [
      {
        "name": "teamId",
        "type": "uint8",
        "internalType": "uint8"
      }
    ],
    "outputs": [
      {
        "name": "",
        "type": "tuple",
        "internalType": "struct GameCore.Team",
        "components": [
          {
            "name": "name",
            "type": "string",
            "internalType": "string"
          },
          {
            "name": "wins",
            "type": "uint256",
            "internalType": "uint256"
          },
          {
            "name": "draws",
            "type": "uint256",
            "internalType": "uint256"
          },
          {
            "name": "losses",
            "type": "uint256",
            "internalType": "uint256"
          },
          {
            "name": "points",
            "type": "uint256",
            "internalType": "uint256"
          },
          {
            "name": "goalsFor",
            "type": "uint256",
            "internalType": "uint256"
          },
          {
            "name": "goalsAgainst",
            "type": "uint256",
            "internalType": "uint256"
          }
        ]
      }
    ],
    "stateMutability": "view"
  },
  {
    "type": "function",
    "name": "getTeamStanding",
    "inputs": [
      {
        "name": "seasonId",
        "type": "uint256",
        "internalType": "uint256"
      },
      {
        "name": "teamId",
        "type": "uint8",
        "internalType": "uint8"
      }
    ],
    "outputs": [
      {
        "name": "",
        "type": "tuple",
        "internalType": "struct GameCore.Team",
        "components": [
          {
            "name": "name",
            "type": "string",
            "internalType": "string"
          },
          {
            "name": "wins",
            "type": "uint256",
            "internalType": "uint256"
          },
          {
            "name": "draws",
            "type": "uint256",
            "internalType": "uint256"
          },
          {
            "name": "losses",
            "type": "uint256",
            "internalType": "uint256"
          },
          {
            "name": "points",
            "type": "uint256",
            "internalType": "uint256"
          },
          {
            "name": "goalsFor",
            "type": "uint256",
            "internalType": "uint256"
          },
          {
            "name": "goalsAgainst",
            "type": "uint256",
            "internalType": "uint256"
          }
        ]
      }
    ],
    "stateMutability": "view"
  },
  {
    "type": "function",
    "name": "isRoundSettled",
    "inputs": [
      {
        "name": "roundId",
        "type": "uint256",
        "internalType": "uint256"
      }
    ],
    "outputs": [
      {
        "name": "",
        "type": "bool",
        "internalType": "bool"
      }
    ],
    "stateMutability": "view"
  },
  {
    "type": "function",
    "name": "keyHash",
    "inputs": [],
    "outputs": [
      {
        "name": "",
        "type": "bytes32",
        "internalType": "bytes32"
      }
    ],
    "stateMutability": "view"
  },
  {
    "type": "function",
    "name": "linkToken",
    "inputs": [],
    "outputs": [
      {
        "name": "",
        "type": "address",
        "internalType": "contract LinkTokenInterface"
      }
    ],
    "stateMutability": "view"
  },
  {
    "type": "function",
    "name": "matches",
    "inputs": [
      {
        "name": "",
        "type": "uint256",
        "internalType": "uint256"
      },
      {
        "name": "",
        "type": "uint256",
        "internalType": "uint256"
      }
    ],
    "outputs": [
      {
        "name": "homeTeamId",
        "type": "uint8",
        "internalType": "uint8"
      },
      {
        "name": "awayTeamId",
        "type": "uint8",
        "internalType": "uint8"
      },
      {
        "name": "homeScore",
        "type": "uint8",
        "internalType": "uint8"
      },
      {
        "name": "awayScore",
        "type": "uint8",
        "internalType": "uint8"
      },
      {
        "name": "outcome",
        "type": "uint8",
        "internalType": "enum GameCore.MatchOutcome"
      },
      {
        "name": "settled",
        "type": "bool",
        "internalType": "bool"
      }
    ],
    "stateMutability": "view"
  },
  {
    "type": "function",
    "name": "numWords",
    "inputs": [],
    "outputs": [
      {
        "name": "",
        "type": "uint32",
        "internalType": "uint32"
      }
    ],
    "stateMutability": "view"
  },
  {
    "type": "function",
    "name": "owner",
    "inputs": [],
    "outputs": [
      {
        "name": "",
        "type": "address",
        "internalType": "address"
      }
    ],
    "stateMutability": "view"
  },
  {
    "type": "function",
    "name": "rawFulfillRandomWords",
    "inputs": [
      {
        "name": "requestId",
        "type": "uint256",
        "internalType": "uint256"
      },
      {
        "name": "randomWords",
        "type": "uint256[]",
        "internalType": "uint256[]"
      }
    ],
    "outputs": [],
    "stateMutability": "nonpayable"
  },
  {
    "type": "function",
    "name": "requestConfirmations",
    "inputs": [],
    "outputs": [
      {
        "name": "",
        "type": "uint16",
        "internalType": "uint16"
      }
    ],
    "stateMutability": "view"
  },
  {
    "type": "function",
    "name": "requestMatchResults",
    "inputs": [
      {
        "name": "enableNativePayment",
        "type": "bool",
        "internalType": "bool"
      }
    ],
    "outputs": [
      {
        "name": "requestId",
        "type": "uint256",
        "internalType": "uint256"
      }
    ],
    "stateMutability": "nonpayable"
  },
  {
    "type": "function",
    "name": "roundDuration",
    "inputs": [],
    "outputs": [
      {
        "name": "",
        "type": "uint256",
        "internalType": "uint256"
      }
    ],
    "stateMutability": "view"
  },
  {
    "type": "function",
    "name": "roundVRFRequestTime",
    "inputs": [
      {
        "name": "",
        "type": "uint256",
        "internalType": "uint256"
      }
    ],
    "outputs": [
      {
        "name": "",
        "type": "uint256",
        "internalType": "uint256"
      }
    ],
    "stateMutability": "view"
  },
  {
    "type": "function",
    "name": "rounds",
    "inputs": [
      {
        "name": "",
        "type": "uint256",
        "internalType": "uint256"
      }
    ],
    "outputs": [
      {
        "name": "roundId",
        "type": "uint256",
        "internalType": "uint256"
      },
      {
        "name": "seasonId",
        "type": "uint256",
        "internalType": "uint256"
      },
      {
        "name": "startTime",
        "type": "uint256",
        "internalType": "uint256"
      },
      {
        "name": "endTime",
        "type": "uint256",
        "internalType": "uint256"
      },
      {
        "name": "vrfRequestId",
        "type": "uint256",
        "internalType": "uint256"
      },
      {
        "name": "resultsRequested",
        "type": "bool",
        "internalType": "bool"
      },
      {
        "name": "settled",
        "type": "bool",
        "internalType": "bool"
      }
    ],
    "stateMutability": "view"
  },
  {
    "type": "function",
    "name": "s_subscriptionId",
    "inputs": [],
    "outputs": [
      {
        "name": "",
        "type": "uint256",
        "internalType": "uint256"
      }
    ],
    "stateMutability": "view"
  },
  {
    "type": "function",
    "name": "s_vrfCoordinator",
    "inputs": [],
    "outputs": [
      {
        "name": "",
        "type": "address",
        "internalType": "contract IVRFCoordinatorV2Plus"
      }
    ],
    "stateMutability": "view"
  },
  {
    "type": "function",
    "name": "seasonStandings",
    "inputs": [
      {
        "name": "",
        "type": "uint256",
        "internalType": "uint256"
      },
      {
        "name": "",
        "type": "uint256",
        "internalType": "uint256"
      }
    ],
    "outputs": [
      {
        "name": "name",
        "type": "string",
        "internalType": "string"
      },
      {
        "name": "wins",
        "type": "uint256",
        "internalType": "uint256"
      },
      {
        "name": "draws",
        "type": "uint256",
        "internalType": "uint256"
      },
      {
        "name": "losses",
        "type": "uint256",
        "internalType": "uint256"
      },
      {
        "name": "points",
        "type": "uint256",
        "internalType": "uint256"
      },
      {
        "name": "goalsFor",
        "type": "uint256",
        "internalType": "uint256"
      },
      {
        "name": "goalsAgainst",
        "type": "uint256",
        "internalType": "uint256"
      }
    ],
    "stateMutability": "view"
  },
  {
    "type": "function",
    "name": "setAuthorizedBettingContract",
    "inputs": [
      {
        "name": "betting",
        "type": "address",
        "internalType": "address"
      },
      {
        "name": "authorized",
        "type": "bool",
        "internalType": "bool"
      }
    ],
    "outputs": [],
    "stateMutability": "nonpayable"
  },
  {
    "type": "function",
    "name": "setBettingCore",
    "inputs": [
      {
        "name": "_bettingCore",
        "type": "address",
        "internalType": "address"
      }
    ],
    "outputs": [],
    "stateMutability": "nonpayable"
  },
  {
    "type": "function",
    "name": "setCoordinator",
    "inputs": [
      {
        "name": "_vrfCoordinator",
        "type": "address",
        "internalType": "address"
      }
    ],
    "outputs": [],
    "stateMutability": "nonpayable"
  },
  {
    "type": "function",
    "name": "setRoundDuration",
    "inputs": [
      {
        "name": "_duration",
        "type": "uint256",
        "internalType": "uint256"
      }
    ],
    "outputs": [],
    "stateMutability": "nonpayable"
  },
  {
    "type": "function",
    "name": "startRound",
    "inputs": [],
    "outputs": [
      {
        "name": "roundId",
        "type": "uint256",
        "internalType": "uint256"
      }
    ],
    "stateMutability": "nonpayable"
  },
  {
    "type": "function",
    "name": "startSeason",
    "inputs": [],
    "outputs": [
      {
        "name": "seasonId",
        "type": "uint256",
        "internalType": "uint256"
      }
    ],
    "stateMutability": "nonpayable"
  },
  {
    "type": "function",
    "name": "teams",
    "inputs": [
      {
        "name": "",
        "type": "uint256",
        "internalType": "uint256"
      }
    ],
    "outputs": [
      {
        "name": "name",
        "type": "string",
        "internalType": "string"
      },
      {
        "name": "wins",
        "type": "uint256",
        "internalType": "uint256"
      },
      {
        "name": "draws",
        "type": "uint256",
        "internalType": "uint256"
      },
      {
        "name": "losses",
        "type": "uint256",
        "internalType": "uint256"
      },
      {
        "name": "points",
        "type": "uint256",
        "internalType": "uint256"
      },
      {
        "name": "goalsFor",
        "type": "uint256",
        "internalType": "uint256"
      },
      {
        "name": "goalsAgainst",
        "type": "uint256",
        "internalType": "uint256"
      }
    ],
    "stateMutability": "view"
  },
  {
    "type": "function",
    "name": "totalSeasons",
    "inputs": [],
    "outputs": [
      {
        "name": "",
        "type": "uint256",
        "internalType": "uint256"
      }
    ],
    "stateMutability": "view"
  },
  {
    "type": "function",
    "name": "transferOwnership",
    "inputs": [
      {
        "name": "to",
        "type": "address",
        "internalType": "address"
      }
    ],
    "outputs": [],
    "stateMutability": "nonpayable"
  },
  {
    "type": "function",
    "name": "updateVRFConfig",
    "inputs": [
      {
        "name": "_callbackGasLimit",
        "type": "uint32",
        "internalType": "uint32"
      },
      {
        "name": "_requestConfirmations",
        "type": "uint16",
        "internalType": "uint16"
      },
      {
        "name": "_keyHash",
        "type": "bytes32",
        "internalType": "bytes32"
      }
    ],
    "outputs": [],
    "stateMutability": "nonpayable"
  },
  {
    "type": "function",
    "name": "vrfRequests",
    "inputs": [
      {
        "name": "",
        "type": "uint256",
        "internalType": "uint256"
      }
    ],
    "outputs": [
      {
        "name": "exists",
        "type": "bool",
        "internalType": "bool"
      },
      {
        "name": "fulfilled",
        "type": "bool",
        "internalType": "bool"
      },
      {
        "name": "roundId",
        "type": "uint256",
        "internalType": "uint256"
      }
    ],
    "stateMutability": "view"
  },
  {
    "type": "function",
    "name": "withdrawLink",
    "inputs": [],
    "outputs": [],
    "stateMutability": "nonpayable"
  },
  {
    "type": "function",
    "name": "withdrawNative",
    "inputs": [],
    "outputs": [],
    "stateMutability": "nonpayable"
  },
  {
    "type": "event",
    "name": "CoordinatorSet",
    "inputs": [
      {
        "name": "vrfCoordinator",
        "type": "address",
        "indexed": false,
        "internalType": "address"
      }
    ],
    "anonymous": false
  },
  {
    "type": "event",
    "name": "EmergencySettlement",
    "inputs": [
      {
        "name": "roundId",
        "type": "uint256",
        "indexed": true,
        "internalType": "uint256"
      }
    ],
    "anonymous": false
  },
  {
    "type": "event",
    "name": "MatchSettled",
    "inputs": [
      {
        "name": "roundId",
        "type": "uint256",
        "indexed": true,
        "internalType": "uint256"
      },
      {
        "name": "matchIndex",
        "type": "uint256",
        "indexed": false,
        "internalType": "uint256"
      },
      {
        "name": "homeTeamId",
        "type": "uint8",
        "indexed": false,
        "internalType": "uint8"
      },
      {
        "name": "awayTeamId",
        "type": "uint8",
        "indexed": false,
        "internalType": "uint8"
      },
      {
        "name": "homeScore",
        "type": "uint8",
        "indexed": false,
        "internalType": "uint8"
      },
      {
        "name": "awayScore",
        "type": "uint8",
        "indexed": false,
        "internalType": "uint8"
      },
      {
        "name": "outcome",
        "type": "uint8",
        "indexed": false,
        "internalType": "enum GameCore.MatchOutcome"
      }
    ],
    "anonymous": false
  },
  {
    "type": "event",
    "name": "OwnershipTransferRequested",
    "inputs": [
      {
        "name": "from",
        "type": "address",
        "indexed": true,
        "internalType": "address"
      },
      {
        "name": "to",
        "type": "address",
        "indexed": true,
        "internalType": "address"
      }
    ],
    "anonymous": false
  },
  {
    "type": "event",
    "name": "OwnershipTransferred",
    "inputs": [
      {
        "name": "from",
        "type": "address",
        "indexed": true,
        "internalType": "address"
      },
      {
        "name": "to",
        "type": "address",
        "indexed": true,
        "internalType": "address"
      }
    ],
    "anonymous": false
  },
  {
    "type": "event",
    "name": "RoundDurationUpdated",
    "inputs": [
      {
        "name": "newDuration",
        "type": "uint256",
        "indexed": false,
        "internalType": "uint256"
      }
    ],
    "anonymous": false
  },
  {
    "type": "event",
    "name": "RoundSettled",
    "inputs": [
      {
        "name": "seasonId",
        "type": "uint256",
        "indexed": true,
        "internalType": "uint256"
      },
      {
        "name": "roundId",
        "type": "uint256",
        "indexed": true,
        "internalType": "uint256"
      }
    ],
    "anonymous": false
  },
  {
    "type": "event",
    "name": "RoundStarted",
    "inputs": [
      {
        "name": "seasonId",
        "type": "uint256",
        "indexed": true,
        "internalType": "uint256"
      },
      {
        "name": "roundId",
        "type": "uint256",
        "indexed": true,
        "internalType": "uint256"
      },
      {
        "name": "startTime",
        "type": "uint256",
        "indexed": false,
        "internalType": "uint256"
      }
    ],
    "anonymous": false
  },
  {
    "type": "event",
    "name": "SeasonCompleted",
    "inputs": [
      {
        "name": "seasonId",
        "type": "uint256",
        "indexed": true,
        "internalType": "uint256"
      },
      {
        "name": "winningTeamId",
        "type": "uint256",
        "indexed": false,
        "internalType": "uint256"
      }
    ],
    "anonymous": false
  },
  {
    "type": "event",
    "name": "SeasonStarted",
    "inputs": [
      {
        "name": "seasonId",
        "type": "uint256",
        "indexed": true,
        "internalType": "uint256"
      },
      {
        "name": "startTime",
        "type": "uint256",
        "indexed": false,
        "internalType": "uint256"
      }
    ],
    "anonymous": false
  },
  {
    "type": "event",
    "name": "VRFFulfilled",
    "inputs": [
      {
        "name": "requestId",
        "type": "uint256",
        "indexed": true,
        "internalType": "uint256"
      },
      {
        "name": "roundId",
        "type": "uint256",
        "indexed": true,
        "internalType": "uint256"
      }
    ],
    "anonymous": false
  },
  {
    "type": "event",
    "name": "VRFRequested",
    "inputs": [
      {
        "name": "roundId",
        "type": "uint256",
        "indexed": true,
        "internalType": "uint256"
      },
      {
        "name": "requestId",
        "type": "uint256",
        "indexed": false,
        "internalType": "uint256"
      }
    ],
    "anonymous": false
  },
  {
    "type": "error",
    "name": "InvalidMatchIndex",
    "inputs": []
  },
  {
    "type": "error",
    "name": "InvalidTeamId",
    "inputs": []
  },
  {
    "type": "error",
    "name": "NoActiveSeason",
    "inputs": []
  },
  {
    "type": "error",
    "name": "OnlyCoordinatorCanFulfill",
    "inputs": [
      {
        "name": "have",
        "type": "address",
        "internalType": "address"
      },
      {
        "name": "want",
        "type": "address",
        "internalType": "address"
      }
    ]
  },
  {
    "type": "error",
    "name": "OnlyOwnerOrCoordinator",
    "inputs": [
      {
        "name": "have",
        "type": "address",
        "internalType": "address"
      },
      {
        "name": "owner",
        "type": "address",
        "internalType": "address"
      },
      {
        "name": "coordinator",
        "type": "address",
        "internalType": "address"
      }
    ]
  },
  {
    "type": "error",
    "name": "PreviousRoundNotSettled",
    "inputs": []
  },
  {
    "type": "error",
    "name": "RoundAlreadySettled",
    "inputs": []
  },
  {
    "type": "error",
    "name": "RoundDurationNotElapsed",
    "inputs": []
  },
  {
    "type": "error",
    "name": "SeasonAlreadyActive",
    "inputs": []
  },
  {
    "type": "error",
    "name": "SeasonComplete",
    "inputs": []
  },
  {
    "type": "error",
    "name": "Unauthorized",
    "inputs": []
  },
  {
    "type": "error",
    "name": "VRFNotRequested",
    "inputs": []
  },
  {
    "type": "error",
    "name": "VRFTimeoutNotReached",
    "inputs": []
  },
  {
    "type": "error",
    "name": "ZeroAddress",
    "inputs": []
  }
]