[
  {
    "type": "constructor",
    "inputs": [
      {
        "name": "_initialOwner",
        "type": "address",
        "internalType": "address"
      }
    ],
    "stateMutability": "nonpayable"
  },
  {
    "type": "function",
    "name": "addToken",
    "inputs": [
      {
        "name": "token",
        "type": "address",
        "internalType": "address"
      },
      {
        "name": "pool",
        "type": "address",
        "internalType": "address"
      },
      {
        "name": "isStablecoin",
        "type": "bool",
        "internalType": "bool"
      },
      {
        "name": "minBet",
        "type": "uint256",
        "internalType": "uint256"
      },
      {
        "name": "maxBet",
        "type": "uint256",
        "internalType": "uint256"
      }
    ],
    "outputs": [],
    "stateMutability": "nonpayable"
  },
  {
    "type": "function",
    "name": "allTokens",
    "inputs": [
      {
        "name": "",
        "type": "uint256",
        "internalType": "uint256"
      }
    ],
    "outputs": [
      {
        "name": "",
        "type": "address",
        "internalType": "address"
      }
    ],
    "stateMutability": "view"
  },
  {
    "type": "function",
    "name": "getAllTokens",
    "inputs": [],
    "outputs": [
      {
        "name": "tokenList",
        "type": "address[]",
        "internalType": "address[]"
      }
    ],
    "stateMutability": "view"
  },
  {
    "type": "function",
    "name": "getPool",
    "inputs": [
      {
        "name": "token",
        "type": "address",
        "internalType": "address"
      }
    ],
    "outputs": [
      {
        "name": "pool",
        "type": "address",
        "internalType": "address"
      }
    ],
    "stateMutability": "view"
  },
  {
    "type": "function",
    "name": "getStablecoins",
    "inputs": [],
    "outputs": [
      {
        "name": "stablecoins",
        "type": "address[]",
        "internalType": "address[]"
      }
    ],
    "stateMutability": "view"
  },
  {
    "type": "function",
    "name": "getTokenCount",
    "inputs": [],
    "outputs": [
      {
        "name": "count",
        "type": "uint256",
        "internalType": "uint256"
      }
    ],
    "stateMutability": "view"
  },
  {
    "type": "function",
    "name": "getTokenInfo",
    "inputs": [
      {
        "name": "token",
        "type": "address",
        "internalType": "address"
      }
    ],
    "outputs": [
      {
        "name": "info",
        "type": "tuple",
        "internalType": "struct TokenRegistry.TokenInfo",
        "components": [
          {
            "name": "pool",
            "type": "address",
            "internalType": "address"
          },
          {
            "name": "decimals",
            "type": "uint8",
            "internalType": "uint8"
          },
          {
            "name": "enabled",
            "type": "bool",
            "internalType": "bool"
          },
          {
            "name": "isStablecoin",
            "type": "bool",
            "internalType": "bool"
          },
          {
            "name": "minBet",
            "type": "uint256",
            "internalType": "uint256"
          },
          {
            "name": "maxBet",
            "type": "uint256",
            "internalType": "uint256"
          }
        ]
      }
    ],
    "stateMutability": "view"
  },
  {
    "type": "function",
    "name": "isSupported",
    "inputs": [
      {
        "name": "token",
        "type": "address",
        "internalType": "address"
      }
    ],
    "outputs": [
      {
        "name": "supported",
        "type": "bool",
        "internalType": "bool"
      }
    ],
    "stateMutability": "view"
  },
  {
    "type": "function",
    "name": "owner",
    "inputs": [],
    "outputs": [
      {
        "name": "",
        "type": "address",
        "internalType": "address"
      }
    ],
    "stateMutability": "view"
  },
  {
    "type": "function",
    "name": "primaryToken",
    "inputs": [],
    "outputs": [
      {
        "name": "",
        "type": "address",
        "internalType": "address"
      }
    ],
    "stateMutability": "view"
  },
  {
    "type": "function",
    "name": "removeToken",
    "inputs": [
      {
        "name": "token",
        "type": "address",
        "internalType": "address"
      }
    ],
    "outputs": [],
    "stateMutability": "nonpayable"
  },
  {
    "type": "function",
    "name": "renounceOwnership",
    "inputs": [],
    "outputs": [],
    "stateMutability": "nonpayable"
  },
  {
    "type": "function",
    "name": "setPrimaryToken",
    "inputs": [
      {
        "name": "token",
        "type": "address",
        "internalType": "address"
      }
    ],
    "outputs": [],
    "stateMutability": "nonpayable"
  },
  {
    "type": "function",
    "name": "tokens",
    "inputs": [
      {
        "name": "",
        "type": "address",
        "internalType": "address"
      }
    ],
    "outputs": [
      {
        "name": "pool",
        "type": "address",
        "internalType": "address"
      },
      {
        "name": "decimals",
        "type": "uint8",
        "internalType": "uint8"
      },
      {
        "name": "enabled",
        "type": "bool",
        "internalType": "bool"
      },
      {
        "name": "isStablecoin",
        "type": "bool",
        "internalType": "bool"
      },
      {
        "name": "minBet",
        "type": "uint256",
        "internalType": "uint256"
      },
      {
        "name": "maxBet",
        "type": "uint256",
        "internalType": "uint256"
      }
    ],
    "stateMutability": "view"
  },
  {
    "type": "function",
    "name": "transferOwnership",
    "inputs": [
      {
        "name": "newOwner",
        "type": "address",
        "internalType": "address"
      }
    ],
    "outputs": [],
    "stateMutability": "nonpayable"
  },
  {
    "type": "function",
    "name": "updateToken",
    "inputs": [
      {
        "name": "token",
        "type": "address",
        "internalType": "address"
      },
      {
        "name": "pool",
        "type": "address",
        "internalType": "address"
      },
      {
        "name": "enabled",
        "type": "bool",
        "internalType": "bool"
      },
      {
        "name": "minBet",
        "type": "uint256",
        "internalType": "uint256"
      },
      {
        "name": "maxBet",
        "type": "uint256",
        "internalType": "uint256"
      }
    ],
    "outputs": [],
    "stateMutability": "nonpayable"
  },
  {
    "type": "function",
    "name": "validateBetAmount",
    "inputs": [
      {
        "name": "token",
        "type": "address",
        "internalType": "address"
      },
      {
        "name": "amount",
        "type": "uint256",
        "internalType": "uint256"
      }
    ],
    "outputs": [
      {
        "name": "valid",
        "type": "bool",
        "internalType": "bool"
      }
    ],
    "stateMutability": "view"
  },
  {
    "type": "event",
    "name": "OwnershipTransferred",
    "inputs": [
      {
        "name": "previousOwner",
        "type": "address",
        "indexed": true,
        "internalType": "address"
      },
      {
        "name": "newOwner",
        "type": "address",
        "indexed": true,
        "internalType": "address"
      }
    ],
    "anonymous": false
  },
  {
    "type": "event",
    "name": "PrimaryTokenChanged",
    "inputs": [
      {
        "name": "oldToken",
        "type": "address",
        "indexed": true,
        "internalType": "address"
      },
      {
        "name": "newToken",
        "type": "address",
        "indexed": true,
        "internalType": "address"
      }
    ],
    "anonymous": false
  },
  {
    "type": "event",
    "name": "TokenAdded",
    "inputs": [
      {
        "name": "token",
        "type": "address",
        "indexed": true,
        "internalType": "address"
      },
      {
        "name": "pool",
        "type": "address",
        "indexed": true,
        "internalType": "address"
      },
      {
        "name": "isStablecoin",
        "type": "bool",
        "indexed": false,
        "internalType": "bool"
      }
    ],
    "anonymous": false
  },
  {
    "type": "event",
    "name": "TokenRemoved",
    "inputs": [
      {
        "name": "token",
        "type": "address",
        "indexed": true,
        "internalType": "address"
      }
    ],
    "anonymous": false
  },
  {
    "type": "event",
    "name": "TokenUpdated",
    "inputs": [
      {
        "name": "token",
        "type": "address",
        "indexed": true,
        "internalType": "address"
      },
      {
        "name": "pool",
        "type": "address",
        "indexed": true,
        "internalType": "address"
      },
      {
        "name": "enabled",
        "type": "bool",
        "indexed": false,
        "internalType": "bool"
      }
    ],
    "anonymous": false
  },
  {
    "type": "error",
    "name": "InvalidAddress",
    "inputs": []
  },
  {
    "type": "error",
    "name": "InvalidDecimals",
    "inputs": []
  },
  {
    "type": "error",
    "name": "OwnableInvalidOwner",
    "inputs": [
      {
        "name": "owner",
        "type": "address",
        "internalType": "address"
      }
    ]
  },
  {
    "type": "error",
    "name": "OwnableUnauthorizedAccount",
    "inputs": [
      {
        "name": "account",
        "type": "address",
        "internalType": "address"
      }
    ]
  },
  {
    "type": "error",
    "name": "TokenAlreadyExists",
    "inputs": []
  },
  {
    "type": "error",
    "name": "TokenNotFound",
    "inputs": []
  }
]